









<!-- ===================================================================

Build Instructions:

   This file is automatically called at the end of the deployment
   of the corresponding component's gar (see build-packages.xml).

Copyright:
Copyright (c) 1999 University of Chicago and The University of
Southern California. All Rights Reserved.

==================================================================== -->
<project default="all" basedir=".">

    <property environment="env"/>
    
    <property file="build.properties"/>
    <property file="${user.home}/build.properties"/>
    
    <property name="env.GLOBUS_LOCATION" value="."/>
    <property name="deploy.dir" location="${env.GLOBUS_LOCATION}"/>
    <property name="abs.deploy.dir" location="${deploy.dir}"/>
    <property name="build.launcher" 
        location="${abs.deploy.dir}/share/globus_wsrf_common/build-launcher.xml"/>

    <target name="setup">

        <ant antfile="${build.launcher}" 
             target="generateLauncher">
            <property name="launcher-name" value="show-note"/>
            <property name="class.name" 
                value="org.globus.tutorial.stickynote.client.ShowNote"/>
        </ant>

        <ant antfile="${build.launcher}" 
             target="generateLauncher">
            <property name="launcher-name" value="write-note"/>
            <property name="class.name" 
                value="org.globus.tutorial.stickynote.client.WriteNote"/>
        </ant>

        <ant antfile="${build.launcher}" 
             target="generateLauncher">
            <property name="launcher-name" value="create-note"/>
            <property name="class.name" 
                value="org.globus.tutorial.stickynote.client.CreateNote"/>
        </ant>

<!-- EXERCISE 8 : Uncomment the following --> 
<!--
        <ant antfile="${build.launcher}" 
             target="generateLauncher">
            <property name="launcher-name" value="watch-note"/>
            <property name="class.name" 
                value="org.globus.tutorial.stickynote.client.WatchNote"/>
        </ant>
-->
<!-- END OF EXERCISE 8 ADDITIONS --> 


<!-- EXERCISE 5 : Uncomment the following --> 
<!--
        <ant antfile="${build.launcher}" 
             target="generateLauncher">
            <property name="launcher-name" value="search-note"/>
            <property name="class.name" 
                value="org.globus.tutorial.stickynote.client.SearchNote"/>
        </ant>
-->
<!-- END OF EXERCISE 5 ADDITIONS --> 

   </target>

</project>

