










<!-- EXERCISE 5 : Uncomment the following --> 
<!--

<ServiceGroupRegistrationParameters
   xmlns:sgc="http://mds.globus.org/servicegroup/client" 
   xmlns:xsd="http://www.w3.org/2001/XMLSchema"
   xmlns:xsi="http://www.w3.org/2001/XMLSchema-instance" 
   xmlns:wsa="http://schemas.xmlsoap.org/ws/2004/03/addressing"
   xmlns:agg="http://mds.globus.org/aggregator/types"
   xmlns="http://mds.globus.org/servicegroup/client" >


   <!-- Specifies that the registration will be renewed every 30
        seconds -->
   <RefreshIntervalSecs>30</RefreshIntervalSecs>


   <!-- <Content> specifies registration specific information -->
   <Content xsi:type="agg:AggregatorContent"
      xmlns:agg="http://mds.globus.org/aggregator/types">

      <agg:AggregatorConfig xsi:type="agg:AggregatorConfig">
         <agg:GetResourcePropertyPollType
            xmlns:note="http://tutorial.globus.org/stickynote" >
            <!-- Specifies that the index should refresh information 
                 every 20000 milliseconds (once every 20 seconds) -->
            <agg:PollIntervalMillis>20000</agg:PollIntervalMillis>

            <!-- specifies the resource property that should be
                 aggregated - the sticky note message Resource Property -->
            <agg:ResourcePropertyName>note:noteContent</agg:ResourcePropertyName>

         </agg:GetResourcePropertyPollType>
      </agg:AggregatorConfig>
      <agg:AggregatorData/>
   </Content>

</ServiceGroupRegistrationParameters>

-->
<!-- END OF EXERCISE 5 ADDITIONS --> 

