<securityConfig xmlns="http://www.globus.org">
    <method name="write">
        <auth-method>
            <GSITransport/>
        </auth-method>
    </method>
    <method name="create">
        <auth-method>
            <GSITransport/>
        </auth-method>
    </method>
    <method name="destroy">
        <auth-method>
            <GSITransport/>
        </auth-method>
    </method>
    <auth-method>
        <none/>
    </auth-method>
    <authz value="gridmap"/> 
    <gridmap value="etc/globus_tutorial_stickynote/grid-mapfile"/>
</securityConfig>