









<jndiConfig xmlns="http://wsrf.globus.org/jndi/config">
    <service name="StickyNoteService">

<!-- EXERCISE 2 (completed) : Comment out the following -->
<!--
        <resource
            name="home"
            type="org.globus.tutorial.stickynote.SingleNoteHome">
            <resourceParams>
                <parameter>
                    <name>factory</name>
                    <value>org.globus.wsrf.jndi.BeanFactory</value>
                </parameter>
            </resourceParams>
        </resource>
-->
<!-- END OF EXERCISE 2 REMOVALS --> 

<!-- EXERCISE 2 (completed) : Uncomment the following --> 

        <resource
            name="home"
            type="org.globus.tutorial.stickynote.ManyNoteHome">
            <resourceParams>
                <parameter>
                    <name>factory</name>
                    <value>org.globus.wsrf.jndi.BeanFactory</value>
                </parameter>
                <parameter>
                    <name>resourceClass</name>
                    <value>org.globus.tutorial.stickynote.StickyNote</value>
                </parameter>
                <parameter>
                    <name>resourceKeyName</name>
                    <value>{http://sticky.com}NoteKey</value>
                </parameter>
                <parameter>
                    <name>resourceKeyType</name>
                    <value>java.lang.Integer</value>
                </parameter>
            </resourceParams>
        </resource>

<!-- END OF EXERCISE 2 ADDITIONS --> 

    </service>
</jndiConfig>
